mean,index
30.67929459829508,LST
0.4806897567561589,NDVI
-0.16482850334846358,NDBI
