LST,NDVI,NDBI
1.0000000000000002,0.44750402708528114,0.7004260757471831
0.44750402708528114,1.0000000000000002,-0.14845846797201762
0.7004260757471831,-0.14845846797201762,1
