mean,index
30.679303060795213,LST
0.48069383189106246,NDVI
-0.16482850332073665,NDBI
