LST,NDVI,NDBI
0.9999999999999998,0.44750572568113844,0.7004259692593683
0.44750572568113844,1.0000000000000002,-0.1484626380750778
0.7004259692593683,-0.1484626380750778,1
